upacc,entry,mass,sequence,name,upproteome,kingdom,phylum,class,order,family,genus,species,id
P39442,HCY_NATPH,17222.0,MKDISRRRFVLGTGATVAAATLAGCNGNGNGNGNGNGNGEPDTPEGRADQFLTDNDALMYDGDITDETGQDEVVVVTGAGNNGFAFDPAAIRVDVGTTVTWEWTGDGGAHNVVSEPESDFEFESDRVDEEGFTFEQTFDDEGVALYVCTPHRAQGMYGAVIVE,Halocyanin,,Archaea,Euryarchaeota,Halobacteria,Halobacteriales,Haloarculaceae,Natronomonas,Natronomonas pharaonis (Natronobacterium pharaonis),P39442
Q9HRQ9,Q9HRQ9_HALSA,23481.0,MKRRDFLKIATGSAGGAAAVGAVGARSSSSSSAVHQQAPGNATGNGTAMDNSTAGNETAAGGDSESGDGGGGATTKTVKVGPNNQNVFDPAEVYVSPGDTVKWVWEGSTGHNVHATSVPDEAGWDAQTEIVSAPHEYSHTFEGPTGEYSYVCDPHKSLGMKGKVIVNENGQAPSGGGGPVERSPHEMGVPIQAHYVGIATILMMILSMVYTFFVLKYGESRNASAPNKP,Halocyanin HcpE,UP000000554,Archaea,Euryarchaeota,Halobacteria,Halobacteriales,Halobacteriaceae,Halobacterium,Halobacterium salinarum (Halobacterium halobium),Q9HRQ9
Q9HRS0,Q9HRS0_HALSA,23615.0,MGGSSVPPMISVLERRTCGRALSVAASRGRVANGQTKVFSSRDSLAARMNSETDVGVSRRSVLRGGVAAAAGAAATGTAAAAEGEGGDGGGEKVVKVGPNGSNVFKPAEMYVKPGTKVRFVWESGGHNVHATEVPGDADWGVSTDIAGPPKEYTHTFDGPTGEYNYVCTPHASLGMKGTIIVTDSPPENKGYQTIVPDSAKTMAVGAMGSMTSVLGLAYFFMKYGGDYGE,Copper-bind domain-containing protein,UP000000554,Archaea,Euryarchaeota,Halobacteria,Halobacteriales,Halobacteriaceae,Halobacterium,Halobacterium salinarum (Halobacterium halobium),Q9HRS0
Q5V424,Q5V424_HALMA,22008.0,MNRREFVRTAGGAAGAAATLSATGAAAAQEEGGDGAKTVPDYGGFLDSVGNFDGSTVDATGQDTVTVEVGVQANGGAYGFGPPAVHVDNGATVQFEWTGNGGGHNVVSDGDGPLDSGSTASSAGVNYEHTFEEDGIYPYLCVPHEGLNMKGAIVVGEEYPTQTIGGGGPVEVDPHYAGVPIQPHFVGFGAGLAVIIPLIFTFFQLKYGESPHTSGGNN,Halocyanin domain-containing protein (Halocyanin-like),UP000001169,Archaea,Euryarchaeota,Halobacteria,Halobacteriales,Haloarculaceae,Haloarcula,Haloarcula marismortui,Q5V424
P82857,P82857_HALSA,82117.0,MQRRREFLQATGAALAAVGLAGCSDSGGTTDGDATTAADAGSGDDGGDDVGVDAAVAAQWNVYRARLADAAALGAHGASDVGAQLAATTFEQDFENAGGEHGAHETLETTSESAYEGFEQAAIGVRDALREGDSASAIEQAESAAANLRDAQQRLVGETAMHALDALAFADHAATARALAAAGQADAAAVAANTALSAFETAPAHEAMESAATDAYESFESGLGDTLSAGQRGNADDANSAAATAVSAAVDGAYAIADTTGTEAGHIASLQSRAYDAAALNAMGGPSSDFGHAAVLSAYRARAQDAAWVADAGASDAAASMAISVLEDFEGAAAHEPLEETDHDAYEGFEGGVEALQEAITAGSGVSDALSQVDTNLVAGIKALTTDTEAVILETGFLRALLGDAREQYHRGNAERAAASVEAMFKRFERDELGAHETLESTSESLYETFEDEHVGALPAAMRNGNDDAVTTHLDGARSALAEFAAQIAPTARVAGGESVTITARAFDAAGVAALDDRTRAATVADDAMAYFEGGAGGFHEAVEASNEETYHAFEEALVGVSSTASDGGSVFDAATGFGAQSRTAVYDVIGNAGGDLTAAAAAVARGALRDFEGARAHEPLEEADHDAYEAFESSFETYASGLESGTGDVSVVRRASLRAQFAVAGDASAAPVGDAASSGEGDSQPELSGGPNVVSGVPDDADHVIDMNAVAYDPAELTVSAGDTVAWTHADGEAHSVTAYEDDIPADATYWASGGFDSQDAAKTGWANGKGAVTEGESYVHTFETTGEHEYYCIPHKNLGMEGTIVVEE,Cytochrome-like protein (DUF5059 domain / halocyanin domain protein HcpG),UP000000554,Archaea,Euryarchaeota,Halobacteria,Halobacteriales,Halobacteriaceae,Halobacterium,Halobacterium salinarum (Halobacterium halobium),P82857
D4GWA4,D4GWA4_HALVD,15361.0,MRDHGSSNGGRTRRQFLAATGAAATAGLAGCATLTASGDDFDIGMTAVAFDPPTVTVEAGDEVVWRNTSSRGHTVTAYEGTLPEGAAFFASGGYETEQAARDAYSNSLGGLIGSGETYTYSFDVPGEYEYLCIPHEQAGMVGTIVVEE,Halocyanin,UP000008243,Archaea,Euryarchaeota,Halobacteria,Haloferacales,Haloferacaceae,Haloferax,Haloferax volcanii (Halobacterium volcanii),D4GWA4
I3R3R2,I3R3R2_HALMT,15834.0,MRDDGSSDGRQTRRRFLAATGTVVTASLSGCSTSLASGDDFDVGMTATAFDPPTVTVEVGDEVVWRNTSSRGHTVTAYEGTLPEGAEFFASGGFEDEETARNAYSNSLGGLIKGRETYSHTFEVAGEYEYLCIPHEQQGMVGTIVVEE,Halocyanin (Halocyanin hcpH),UP000006469,Archaea,Euryarchaeota,Halobacteria,Haloferacales,Haloferacaceae,Haloferax,Haloferax mediterranei (Halobacterium mediterranei),I3R3R2
Q5V295,Q5V295_HALMA,15589.0,MDRRQFLRAAGPAAVAGLAGCLGGGSADTDYDVGMSAKAFRPVQITVEPGTTVRWLNTSKQGHSVTAYEDDIPDEADYFASGGFDTEQAARDNWGNSSGGTMYEGDDFTHTFETVGEYAYFCIPHERAGMVGTVVVTENPDTAASGE,Cytochrome-like protein (Halocyanin),UP000001169,Archaea,Euryarchaeota,Halobacteria,Halobacteriales,Haloarculaceae,Haloarcula,Haloarcula marismortui,Q5V295
B0R456,B0R456_HALS3,15626.0,MHRRAFLAGGTTLSVGVLAGCIGPSVSKSDYDIGMVSNGFVPQEPVEGEDMATHQLTAGDTVTWANTGSRNHTVTAYGSGLPEGASYFASGGFDTEPDARRAWQDNVEGGGNISPGATYEVTLTVPGEYYYFCIPHEGAGMRGKLVVDD,Halocyanin HcpH,UP000001321,Archaea,Euryarchaeota,Halobacteria,Halobacteriales,Halobacteriaceae,Halobacterium,Halobacterium salinarum (Halobacterium halobium),B0R456
B0R7A9,B0R7A9_HALS3,43809.0,MTRLDDTALSRRGVLRAAAGTATAVAAGTAATGAAAAQAYDGWFSGDAKGGAVGNYDGTTVDRTGTDEVTIDVGVDANGGTYGFGPAAVRVDPGTTVSFEWVSNTHNILIDAQPDGADWGGHDPIENTGFTHTHTFDTEGVYTYYCNPHLTMGMKGAIVVGGDSGGGGGGGSDQPTVAADYGDWFTKSADGGATGNYTGDTTDKTGTDEVTVEVGADANGGTYGFGPAAVRVDPGTTVTFKWTSNTHNVLVQSQPDGADWGGHEPIENEGFTHTHTFETAGVYTYYCNPHLTMGMKGAIVVGAPPSGTTSGGGGGAAGSSVSPASTLWTAVFAGAVGVAMLVPVAVSYYRRTPAPDSSGAFDYEPGGDTDDQPAIPEADAFEPDTELGHDEYDPVGTLSIVAVYFLILVGMWAFTYFIEFLGNGPTIMG,Halocyanin HcpB / cbaD domain protein,UP000001321,Archaea,Euryarchaeota,Halobacteria,Halobacteriales,Halobacteriaceae,Halobacterium,Halobacterium salinarum (Halobacterium halobium),B0R7A9
Q9HN93,Q9HN93_HALSA,29427.0,MTRLDDTALSRRGVLRAAAGTATAVAAGTAATGAAAAQAYDGWFSGDAKGGAVGNYDGTTVDRTGTDEVTIDVGVDANGGTYGFGPAAVRVDPGTTVSFEWVSNTHNILIDAQPDGADWGGHDPIENTGFTHTHTFDTEGVYTYYCNPHLTMGMKGAIVVGAPPSGTTSGGGGGAAGSSVSPASTLWTAVFAGAVGVAMLVPVAVSYYRRTPAPDSSGAFDYEPGGDTDDQPAIPEADAFEPDTELGHDEYDPVGTLSIVAVYFLILVGMWAFTYFIEFLGNGPTIMG,Halocyanin-like,UP000000554,Archaea,Euryarchaeota,Halobacteria,Halobacteriales,Halobacteriaceae,Halobacterium,Halobacterium salinarum (Halobacterium halobium),Q9HN93
Q5V2Z9,Q5V2Z9_HALMA,42330.0,MALSRRQFVGAAAGTAALAATGTATAQEEPDYGGWFDDVSNYDGTVDKRGQDTVTITVGAQGNNGAFAFDPPAVMVSPGTEVVWEWNGEGGGHNVVSDGDGPLDSGSPVSEAGTTYSHTFESEGMFKYVCVPHETLGMKGAVVVRPGGSGDGGSGGQQQQGPPENPDYGGWFDDVSNYDGTTVDRTDADSVEISVGAQGNNGAFAFDPPAVRVTPGTEVTWTWTGEGGGHNVVSDGDGPLESGDPVSESGTTYSHTFEEMGVYKYVCTPHESLGMKGAVVVGGPLDGSGGGSGGESGQEGGGIELSGPQWLLSGSVLLAFFSPLLFAVAMRRRQNGRPPQMGEGGELQRATGPEPVEEAAETEPAVELGHDEYDPKGTAALVAFYFVLIGLLWVFMYFVEFLGRVSIIG,Halocyanin domain-containing protein (Halocyanin-like),UP000001169,Archaea,Euryarchaeota,Halobacteria,Halobacteriales,Haloarculaceae,Haloarcula,Haloarcula marismortui,Q5V2Z9
H0A9S8,H0A9S8_HALSG,13339.0,MNRCRKKDLQNMSPESQGTQDAENTTEENEVDRTIEVAGGSYYFEPDNIQVEQGETIEFTLVNEGGFHDMVIPELDAGTDRINGGDTESFTVTFEETGEYEFICSVGTHAQQGMAGTITVS,Blue (Type 1) copper domain-containing protein,UP000003484,Archaea,Euryarchaeota,Nanohaloarchaea,,,,Haloredivivus sp. (strain G17),H0A9S8
D3SYG4,D3SYG4_NATMM,23808.0,MRQLDRRTALKGIGITTSLVGFGGVVAGENEDDDERGEPEFGDWLEDVDEPADETGEDEVEIAVGAGDNGNRFDPEAVRISEGTTVVWEWTGDGGSHDVVHDPDAEEEQLENGGDSDDVNNDDTEEDDVDEDDDLEPEFETDLTEEEGHTFEHEFDEAGTYLYVCTAHEPDGMRGAIVVAEDEDEDEDESEDENGDQDANGDGDQVDENDDGNQTGDD,Halocyanin (Halocyanin domain-containing protein),UP000001879,Archaea,Euryarchaeota,Halobacteria,Natrialbales,Natrialbaceae,Natrialba,Natrialba magadii,D3SYG4
L9WGV4,L9WGV4_9EURY,16819.0,MAEETRSRRGYLKYAGAISGIALSGCLNDDADASDDDSTENDETDDEQSDEHEVIAGPDGDWEFDPEELTIAVGDTVTWYFDSPGHNVTSHPDADNACENPEGAEPFTSYDGDNHNAVVEEGGEFEHTFEVAGEYVYVCTPHTPQMAGEIYVEE,Blue (Type 1) copper domain-containing protein,UP000011661,Archaea,Euryarchaeota,Halobacteria,Natrialbales,Natrialbaceae,Natronorubrum,Natronorubrum sulfidifaciens,L9WGV4
V6DTL0,V6DTL0_9EURY,52401.0,MSDVFAHFEGARAHEALEAADHEAYEGFESGLSDLRSAIEAGNSSGIDEALAAVDSNLVAGIEALAGANAPLLEAAFFRARFDDARERYRRGRNDEAASIAEGLFGRFEENELDFHETVESTDEELYARFEEEHLAGLIDAFENADDAAVATHHDGVQSTLLEFETAAGTRATVSGAEGTYMAARGFDAAVLDALGDPDRAAAIAQTAFEHFEAGAGGYHEALEAADEALYESFEDRLGDISTAANDGGDVSEAAKRFGDAALSSVYAVVENGGGSHADAAAATVGDAFAHFEEARVHELLEDADRNAYHTFEERLDAYATALREDGDIGEAAASFADAAQYAQFALVDAVEDLPLDLDLAGAGGGGSESGDSGGNSDLSGGPNVVDGVPDDADHVVDMEAVAYAPTELTVSQGDTVAWRHAAGEPHSVTAYQESVPEEASYWASGGFDSEEEARTGWENGKGAVQSGQSYVHTFETAGTHEYVCIPHEAAGMVGEVVVE,Blue copper domain protein,UP000018894,Archaea,Euryarchaeota,Halobacteria,Haloferacales,Halorubraceae,Halorubrum,Halorubrum sp. AJ67,V6DTL0
