id,evalue,proteomecode,upacc,entry,mass,sequence,name,kingdom,phylum,class,order,family,genus,species,sasa,fPos,fNeg,net,ncd,fFatty
A0A1U7EXX7,1.5560215319340417e-100,UP000002698,A0A1U7EXX7,A0A1U7EXX7_NATPD,17227.0,MKDISRRRFVLGTGATVAAATLAGCNGNGNGNGNGNGNGNGEPDTPEGRADQFLTDNDALMYDGDITDETGQDEVVVATGAGNNGFAFDPAAVRVDAGTTVVFEWTGEGGAHNVVDEPGSDFEFESDRVDEEGHTFEVTFDEEGVALYVCTPHRAQGMYGAVIVE,Halocyanin,Archaea,Euryarchaeota,Halobacteria,Halobacteriales,Haloarculaceae,Natronomonas,Natronomonas pharaonis (Natronobacterium pharaonis),7794.236809437433,0.048484848484848485,0.18787878787878787,-23,-0.0029508982806566893,0.20606060606060606
A0A1G8THR4,1.0387551548234921e-81,UP000198856,A0A1G8THR4,A0A1G8THR4_9EURY,44015.0,MTDFDSDRRKLLKAGGASLAMGLAGCIGPFADTQGVPGTAGDSEDGGDGGEDGGDGGGMSPQEKVDQYLAEANGYEGEVMDMTGQDSVTIENGSNEPDYAFGPAAIQVDPGTEITWEWVSDGHSVRATEGAEFDSGIENSGFTWSKTFEEPGVILYECQPHAAIGQLGAIIVGDGGGGGGGGSNAKAKVDEYLADANGYDGSIADKTGQDAITIENGSNEPDYAFGPAAVRVDAGTEITWEWVSDGHSVRATEGAEFDSGIENSGFTWSKTFEEPGVILYECQPHAAIGQLGAIIVEGEGSSGDGGDGGDGGGEAASQVDEYLADANGYDGSIEDMKGMDAVTIENGANEPDYAFGPAAVRISPGTEVTWEWVSDGHSVTANEGGDFDSGIKNSGFTWSKTFEEPGVILYECLPHAAIGQLGAIIVEE,Halocyanin domain-containing protein,Archaea,Euryarchaeota,Halobacteria,Halobacteriales,Halobacteriaceae,Halovenus,Halovenus aranensis,15458.561033156515,0.0397196261682243,0.18691588785046728,-63,-0.004075411667675507,0.1822429906542056
A0A4U5JNL9,1.3267118663888763e-70,UP000308037,A0A4U5JNL9,A0A4U5JNL9_9EURY,17330.0,MKEFSRRRFVLGTAAAAATGALAGCSGNGGGNGNGNGNGNGNGNGNGGSSGPTGRAETFLSENEANTYDGMEDMTGQDEVIVDTGAGDGFAFSPAGIVVDVGTTVVWEWTGEGGGHNVSSEMDSDFEFESERTDEAGFTFEQTFDEAGAALYVCVPHRAQGMYGAVAVEE,Halocyanin domain-containing protein,Archaea,Euryarchaeota,Halobacteria,Halobacteriales,Haloarculaceae,Natronomonas,Natronomonas salsuginis,7828.228614282119,0.041176470588235294,0.1588235294117647,-20,-0.0025548564030834814,0.17058823529411765
A0A1H1FJ86,3.2974110194531795e-66,UP000199289,A0A1H1FJ86,A0A1H1FJ86_9EURY,35656.0,MSDSNASVTRRTVLRGVAGSAVAGAALGAAGPVSAQSSGLDSWFSNTSNYDGVVDETGNSEVTVTVGAEANGGGYGFGPAAIRVDPGTTVVWEWSGAGGSHNVVAEDGSFESEMTDEKGHTFEQTFDGEGVVKYACAPHKAMGMKGAVVVGDAAAGSASGASPTESSGASEELKSWFEGVSNYDGVVDRTGTSEVTVTVGASGNNGNFAFAPPAVRVSPGATVVWEWSGNGGSHNVAAEDGSFESEMTDEKGHTFSQTFEEGGTHKYVCTPHQAMGMKGAVVVDDSAAAVSGSGGGDGVTEEDFWPLSVAGSVTLAVVSPIIFGVAAWIAGTGDEPNVEWREDAEGDDGRVRS,Halocyanin domain-containing protein,Archaea,Euryarchaeota,Halobacteria,Haloferacales,Haloferacaceae,Halopelagius,Halopelagius longus,13255.538115563506,0.04815864022662889,0.1388101983002833,-32,-0.002414085322000498,0.18980169971671387
A0A1H6RR74,1.419609404092085e-61,UP000198888,A0A1H6RR74,A0A1H6RR74_9EURY,33951.0,MTANRSQTAPVARRTVLRGTAAIGMAGLGVATAGPAVAQSGSEPAYGDWFSNVDNYDGTVDKRGTDQVTITVGASGNSGAFAFGPAAVHVDPGTTIVWEWTGNGGSHNVVAEDGSFESELVGEAGHTFEHTVEGEGIITYACSPHKTVGMKGAIAVGNVEMASAETADGESESDSGDGIDYGGWFEGVGNFDGTVDKTGSNEVTVTVGADGNNGPYAFDPPAIRVDPGTTIVWEWSGNGGSHNVVDNDGGFQSDLVGKGGTTFEQTFEERGIVKYVCTPHESMGMRGAIVVGSPESDAGYSRGDLLTLGGGVGLAGGLVALFGFGTASDSSQSTD,Halocyanin domain-containing protein,Archaea,Euryarchaeota,Halobacteria,Haloferacales,Halorubraceae,Halohasta,Halohasta litchfieldiae,12789.775637197376,0.04477611940298507,0.13134328358208955,-29,-0.002267436178916018,0.20298507462686566
E4NUX5,1.4549535927133346e-61,UP000006663,E4NUX5,E4NUX5_HALBP,36941.0,MTSASNLSISRRTVLRGAAGAVTAGVAAGTAGTATAQSGEPNYSDWFKNTSNYDSTVDKTGKDTVTITVGATGNGGNFAFGPAAVRVDPGTTVVWKWNGKGGSHNVVAKDGSFKSEMVGETGHTFEQTFEKEGIVKYACTPHEPMGMKGAVVVGSAGDGGNDGSESSGDDRNDGDSGNSGDSENDGDGASAEQASEPEYGDWFTDVSNFDGTVDRTGQNEITVTVGATGNGGNFAFGPAAVRVDPGTTVVWEWNGKGGTHNVAAKEGSFESEMVGETGHTFEHTFEKSGVHRYVCAPHKTMGMKGAVVVGDGGGAGSGSSNNAESTVDDTLTIAGGVGLVGALLAMFAFGSRSKANNRRETGR,Halocyanin (Halocyanin domain),Archaea,Euryarchaeota,Halobacteria,Haloferacales,Haloferacaceae,Halogeometricum,Halogeometricum borinquense,13602.59796264189,0.07713498622589532,0.12396694214876033,-17,-0.0012497612622742154,0.16804407713498623
M0D368,3.245338270295101e-61,UP000011626,M0D368,M0D368_9EURY,36581.0,MSTDDGIDEGRRDAMKTLAIGATVGGLAAAGARPAAAQSTDLTDWFSNVGNADGVVDETGKSEVTVEVGVSGNSGPFAFGPAAVRVDPGTTVVWEWTGEGTPHNVVAEDGSYESEMITEAGATFSHTFESEGVSKYACTPHKVSGMKGAVIVGDADVTVSSGSSTATASGGGGGNETSGSGSGGSGGSGDFVEPDYEGWFDGVGNYDGTVDMTGQDEVTIEVGAEGNSGPFAFGPAAVRVDPGTTVVWEWTGKGGQHNVAGETHDFESPMQGSEGDTYALELDGEGVVKYACTPHKAAGMKGAVVVGNPAAASGGGAGIDLFKTSLWGLAGAIVAAPFVASQIVASKRADDDDEGRHRGPRQPAD,Halocyanin domain-containing protein,Archaea,Euryarchaeota,Halobacteria,Halobacteriales,Haloarculaceae,Halosimplex,Halosimplex carlsbadense,13505.700605956074,0.0547945205479452,0.14520547945205478,-33,-0.002443412671642288,0.18082191780821918
A0A1G9XD13,2.495286623524689e-60,UP000199451,A0A1G9XD13,A0A1G9XD13_9EURY,34518.0,MSHDNSDPTTQELTRRTVLRGAAGTAAAGVALGSVGTTAAQSGGSAPYGGWFEGVENFDGTVDKTGQSEVTVTVGAQGNGGSFAFGPAAVRVDPGTKVVWKWSGGGGSHNVVAEDGSFESELVGESGHTFSHTFESEGISKYACVPHKAMGMKGAVVVGDVSVGGGEAAGESSGSSGPGFDGWFDNVDNFDGVVDETGQSEVTVTVGAEGNNGAFAFDPPAIRVDPGTTVVWEWTGGGGSHNVVAEDGSFESELVGESGHTFSHTFESEGTTKYACVPHKPMGMKGAVVVGGDSAAGGAGGGSDGGDGGNDFRDGLTLGAGLGLVGVLVTTFVFGSKSETRGGRSTN,Halocyanin domain-containing protein,Archaea,Euryarchaeota,Halobacteria,Haloferacales,Haloferacaceae,Halogranum,Halogranum gelatinilyticum,12945.351741898396,0.05187319884726225,0.1239193083573487,-25,-0.001931195111453482,0.20461095100864554
C7NY85,1.111329329614855e-59,UP000001746,C7NY85,C7NY85_HALMD,35148.0,MTDADVTRRRLLQGAAGLTVAAAARPAVAQSDGPDFGGWFDNVGNYDGVVDETGSDEVTISVGADANGGAFGFDPAAVEVSPGTTVVWEWTGSGGSHNVVAEDGTFESELTKESGHTFEYTFEETGTYEYACTPHRSMGMKGAVVVSEGGGSGTETAQSEESGGSDPDFGSWFDNVGNYDGVVDETGSDEVTVSVGADANGGAFGFDPAAVEVSPGTTVVWEWTGSGGSHNVVAEDGTFESELTKESGFTFEYTFEEAGTYEYACTPHRSMGMKGAVVVSEAGSGASGDGGGGESGGNSGGDPFSPGASALGISLLIAFLSPLGLAAFLRRRGADEPGSGGRPRSGD,Halocyanin domain protein,Archaea,Euryarchaeota,Halobacteria,Halobacteriales,Haloarculaceae,Halomicrobium,Halomicrobium mukohataei,13117.407198818159,0.043227665706051875,0.1585014409221902,-40,-0.003049383113120395,0.1873198847262248
A0A7D4Y5J1,1.0871504161893928e-58,UP000191169,A0A7D4Y5J1,A0A7D4Y5J1_9EURY,41291.0,MAPNADSQPRPTRRRLLAAGGAAATGALLGAAGPAAAQSSFDGWFDGVSNYDGVADRTGESEVTVEVGVDNGGQPYGFGPAAVRVDPGTTVVWEWTGRGGSHNVVAENGAFESEMSSEEGHTFSHTFEEEGTFRYVCTPHQSLGMKAAVVVGSGGGVSEPDYGGWFDGVSNYDETVDERGSSEVTVEVGVDNGGQPYGFGPAAVRIDPGTTVVWEWTGRGGSHNVVAQDGSFESDLSSEGGHTFSHTFEEEGVYRYVCTPHQSLGMKGAIVVGDVSGGGGDGGEETEGGGEEAGGSLLPMPSDFVGWLALLMGGGGGLAVSMVLGAESYAAYREHERAERSYVGEQATEAVGTEPVEEIDDGYDPVGTAALVTGYFVLIALLWVFMYFVEFIGGPTITG,Halocyanin domain-containing protein,Archaea,Euryarchaeota,Halobacteria,Haloferacales,Halorubraceae,Halolamina,Halolamina sp. CBA1230,14754.177098448537,0.042606516290726815,0.14786967418546365,-42,-0.0028466514750196724,0.21303258145363407
D4GV83,5.342847498935266e-58,UP000008243,D4GV83,D4GV83_HALVD,37734.0,MSSNDTTSPTLGRRTVLRLLGGAAVSTTALGGITDSARAQSGSDLDSWFAQTSNYDGVVDETGRSTVTVTVGSQANGGAFGFGPAAVRVDPGTTVVWEWSGKGGSHNVAAEDGSFESDLVGDSGHTFERTFDSTGVYTYVCTPHKTLGMKGAIVVGDVGGATATEAAGSTGSTDSTDSAGEGESESTESAGEGDADLDAWFENTSNFDGVEAQTGLQRVTVEVGSQANGGAFGFGPAAIRVSKGTTVAWTWTGEGGSHNVAAEDGSFESDLVSAGDHTFEHTFEEAGTYTYACTPHKTLGMKGAVVVTDDEGGSNAQVAEPFGDPGTERLGGIALAGTFGAMLASPALFGAFIWLKGEGGESAGETYPKGKSE,Halocyanin,Archaea,Euryarchaeota,Halobacteria,Haloferacales,Haloferacaceae,Haloferax,Haloferax volcanii (Halobacterium volcanii),13815.147508974665,0.05093833780160858,0.13672922252010725,-32,-0.0023162981053377824,0.18498659517426275
A0A6A9SRW4,1.0373416520440415e-57,UP000431469,A0A6A9SRW4,A0A6A9SRW4_9EURY,17318.0,MRDVSRRRFVQATGAAVAAGTLAGCTGNGGGNGNGNGNGNGNGNGGGAEVPQEIDDFLSEANLYDGTIADMTGEDEVTIMVGAGDGGLAFDPAAVRITSSTTVVWEWTGEGGSHNVASVEDSESDFQSEIVGEQGHTFNQSFDNTGIQLYVCQPHEAQGMKGAIEVVEE,Halocyanin domain-containing protein,Archaea,Euryarchaeota,Halobacteria,Halobacteriales,Haloarculaceae,Natronomonas,Natronomonas sp. CBA1123,7824.2712169985,0.03550295857988166,0.15384615384615385,-20,-0.002556148610563155,0.1952662721893491
A0A0U5H7H1,1.4100564605338784e-56,UP000066737,A0A0U5H7H1,A0A0U5H7H1_9EURY,34551.0,MTPDTTPTVTRRSVLKTTAAAGAAAATGAAFSGAAVAQDADLQSWFEGVSNYDGVVDETGQSEVTVEVGVEANDGPYGFGPAAIRVDPGTTVTWEWVEGSHNVAAEDGSFESELTAESGFTFTQTFDEEGVTRYACTPHKTMGMKGAVVVGDVDVGASSSSGSSESSGSSSQQVDFDGWFEGVSNFDGVVDETGQSEVTVEVGTDANGGPYGFSPAAIRVDPGTTVTFEWVNGTHNVVAEDGSYESELTNESGFTFTHTYDSEGVSKYYCNPHRTMGMKGAVVVGSGGGASSSGGGGGGLSTSDVGVLAFAGALVGGLLSPFALRATKSSSSSPSNRANR,Halocyanin,Archaea,Euryarchaeota,Halobacteria,Halobacteriales,Halobacteriaceae,Halobacterium,Halobacterium hubeiense,12954.385095249145,0.04411764705882353,0.12941176470588237,-29,-0.0022386242022892603,0.19705882352941176
A0A1I6K1K4,1.9659989529510117e-56,UP000199062,A0A1I6K1K4,A0A1I6K1K4_9EURY,35528.0,MNTQTYSRRSVLRAGAGAAIGGAALASARPTRAQTTFDGYLDNVDNYDGVVDETGSGEVTVEVGSQANGGTFGFGPAAVQVDPGTTVTWEWVAGSHNVEAEDGSFESELTDEAGFTFEQTFEEEGVVKYFCMPHKSMGMKGVVVVGDLPGGSGGSSGGGSSDSGSGSAPGFDGYLDNADNYDGLVDETGSGNVTVEVGSQANGGNFGFGPAAIRVDPGTTVTWEWVAGSHNVEAEDGSFESELTDEQGFTFDQTFEEEGVVKYFCMPHKSMGMKGVVVVGDPALGGAGGGGGESGGSDAGGSGGGSGELSGADWGAIAFGVSLVAGLLSPLAFAAFLDRDDQPMAGERVRR,Halocyanin domain-containing protein,Archaea,Euryarchaeota,Halobacteria,Halobacteriales,Haloarculaceae,Halomicrobium,Halomicrobium zhouii,13220.783834145555,0.045584045584045586,0.14814814814814814,-36,-0.0027229852973635464,0.20512820512820512
A0A4D6HH17,2.3137647286735618e-55,UP000296706,A0A4D6HH17,A0A4D6HH17_9EURY,32755.0,MGQNRGVSRRTVLSGVAGAAGAAALAGVPTAAAKPSFDGYLDNAGNYDDLVDKTGQNEVTIEVGVSANNGPNGFGPAAVRVDPGTTVVWEWTGDGTHNVVAEDGSFESEYASEAGHTFEQTVESEGVVKYYCNPHKVMGMKGVVVVGEPGVGGGGGDESDRQTSGPDYGDWFAKTGNFERTVDQTGQDEVTIEVGAGGNKGPYAFGPAAVRVDPGTTIVWEWTGAGGTHNVVAEDGSFESELTGEAGHTFEFTAESGTYKYACTPHTEMGMRGAVVVGGGDGQTRRGSGRLLAIGGGVGLTGAIFGLFGAGVREKTGRRD,Halocyanin domain-containing protein,Archaea,Euryarchaeota,Halobacteria,Halobacteriales,Haloarculaceae,Halapricum,Halapricum salinum,12459.287294767735,0.071875,0.13125,-19,-0.0015249668420423237,0.19375
A0A6B0SH77,6.221273379559693e-55,UP000471521,A0A6B0SH77,A0A6B0SH77_9EURY,34566.0,MTDSDSPTATRRSVLKTTAAAGAAAATGTAFTSAAFAQDAGLESWFENTSNYDGVVDETGNSEVTVEVGAQANDGAFGYGPAAVRVDPGTTVTWEWVAGSHNVVADDGTYESELTSEEGFTFSHTFEEEGVSKYYCTPHQSMGMKGAVVVGDVDVGGSSSGQSGDDAGSDGGAADVDFDGWFENVGNFDGVVDETGNSEVTVEVGAEANGGAFGFGPAAIQVDPGTTVTWEWVAGSHNVVADGGSYESELTNEEGFTFSHTFEEEGVSKYYCGPHQSMGMKGAVVVGSGDSASNSGGGEGVLTTSDVGVLAFAGALVGGLLSPFAMRAAKGSGQSPRNRR,Halocyanin domain-containing protein,Archaea,Euryarchaeota,Halobacteria,Halobacteriales,Halobacteriaceae,Halobacterium,Halobacterium sp. PCN9,12958.490394794797,0.03823529411764706,0.14705882352941177,-37,-0.0028552708589313974,0.19117647058823528
Q5V2Z9,2.875583712689343e-54,UP000001169,Q5V2Z9,Q5V2Z9_HALMA,42330.0,MALSRRQFVGAAAGTAALAATGTATAQEEPDYGGWFDDVSNYDGTVDKRGQDTVTITVGAQGNNGAFAFDPPAVMVSPGTEVVWEWNGEGGGHNVVSDGDGPLDSGSPVSEAGTTYSHTFESEGMFKYVCVPHETLGMKGAVVVRPGGSGDGGSGGQQQQGPPENPDYGGWFDDVSNYDGTTVDRTDADSVEISVGAQGNNGAFAFDPPAVRVTPGTEVTWTWTGEGGGHNVVSDGDGPLESGDPVSESGTTYSHTFEEMGVYKYVCTPHESLGMKGAVVVGGPLDGSGGGSGGESGQEGGGIELSGPQWLLSGSVLLAFFSPLLFAVAMRRRQNGRPPQMGEGGELQRATGPEPVEEAAETEPAVELGHDEYDPKGTAALVAFYFVLIGLLWVFMYFVEFLGRVSIIG,Halocyanin domain-containing protein (Halocyanin-like),Archaea,Euryarchaeota,Halobacteria,Halobacteriales,Haloarculaceae,Haloarcula,Haloarcula marismortui,15024.28403764544,0.044009779951100246,0.13691931540342298,-38,-0.002529238658213975,0.21026894865525672
M0DAN0,4.345246390280925e-53,UP000011513,M0DAN0,M0DAN0_9EURY,33778.0,MATSTTNPTIACSRRDVLRAGVGTAVGAAAAGAVARPVAATDGASEFDAWFENVSNYEEITDERGASTVTVSVGASGNGGDFAFEPAAVRVDPGTTVVWEWTGGGGVHNVAATDGAYESDLLSEAGTTFERTFEENGVSLYSCLPHEAMGMKGAVVIGSAPAGDELREVDYGDWFDGVENFSGTVDKRGEQVVRIAVGAAGNGGNFAFEPAAVRVDPGTTVVWEWTGKGDAHSLAAADGSFDAELVETAGATYALQFGGVGVSKYICPSHAAEAMRGAVVVGDPMAGVIDVPMTAAVTGVGVLGAALSPLAFGAFLALHGTNDEPSDDVADAGR,Halocyanin,Archaea,Euryarchaeota,Halobacteria,Haloferacales,Haloferacaceae,Halogeometricum,Halogeometricum pallidum,12742.167782216544,0.05089820359281437,0.1377245508982036,-29,-0.002275907874990746,0.2215568862275449
M0FS74,7.352446874970535e-53,UP000011689,M0FS74,M0FS74_9EURY,35670.0,MKSNADATAAGDDAGSMSRRGFFRAGAAGAAVAAGVAAGSGSAAAQYDGWLEGVSNYDGTHDYTGQDEVTVQVGAGENGLRFGPAAILIDPGATVVWEWAGEGGAHNVVAADETFDSGETVAEEGTTFEYTFEDAEEGDTFNYYCTPHQGAGMKGVVAVGSVDDDLVDPQTEGDGGDGGSGGGAAGYGDWFENVGNYEGTRDLRGQSEVTVSVGAGENGLLFDPPAILVDPGTTVVWEWTGQGGAHNVVEENEVFSSGETVAEEGSTFEYTFEDAGEGDVFRYVCEPHAGAGMKGAVAVGTVDDDLLGGDGESGGDSGLSAGDIGALALGFGFAGALLVPLFYAAHQKAEKNA,Halocyanin domain protein,Archaea,Euryarchaeota,Halobacteria,Haloferacales,Halorubraceae,Halorubrum,Halorubrum hochstenium,13259.337319620554,0.0339943342776204,0.17280453257790368,-49,-0.0036955089699311043,0.1954674220963173
W0K2U4,1.409444536719531e-51,UP000004595,W0K2U4,W0K2U4_9EURY,35026.0,MSTKDTTMVDRRTVLRATAAAGAAAVGGSALSGTASAQESGFASWFSNVGNYDGVVEETGKSEVTIEVGAEANGGQFGFGPAAVRVDPGTTVTWKWVGGTHNVVADNGSYESETTGEQGFTFSQTFEEEGVSKYYCVPHETMGMKGAIVVGDVEVDDSPAGNSSQSGESGEQQSVDFGGWFENVDNFDGVVDQTGKSEVTVEVGAEANGGQYGFGPAAIRVDPGTKVTWEWVGGTHNVVADDGSFESAMQSEQGATFSQTFEGEGVSKYYCVPHEQMGMKGAVVVGSGGGGSGGSGGGALSTTDIGVLAFAGALVGGLLSPFALKAASSSSKQTGRNGPQTRRN,Halocyanin,Archaea,Euryarchaeota,Halobacteria,Halobacteriales,Halobacteriaceae,Halobacterium,Halobacterium sp. DL1,13084.153969192022,0.055232558139534885,0.12209302325581395,-23,-0.0017578515243825356,0.19476744186046513
A0A1M5NXQ2,2.749504303315001e-51,UP000184357,A0A1M5NXQ2,A0A1M5NXQ2_9EURY,41530.0,MGRIRDRSPDATRRRVLAAGAAVASGAFLGAAAPAAAQSGTDFGGWFDGVSNYDGVVDRTGQSEVTVEVGVENGGGPYGFGPPAVRVDSGTTVVWQWTGQGGSHNVVAQDGSYESELVADAGRTFSHTFESEGVSKYFCQPHKAIGMKGAIVVGGSGGSGGGSVSEPDFGGWFEGVSNYSGTVDKRGQSEVTVEVGVENGGGPYGFGPASVRVDPGTTVVWQWTGQGGSHNVVAQDGSYSSELVAEAGHSFSHTFESEGVSKYFCQPHKALGMKGAIVVGNVGGSSGGSGSGGDGGGAAADSGGGLSLLVPDDFTGWLAVVFGGTVGLAVTAVLGSEAYTAYRDHAAAEEAYVRDSPVEAVEDDAEVELGEEYDPVGTAALVFGYFVLISALWVFMYFVEYIGGPTITG,Halocyanin domain-containing protein,Archaea,Euryarchaeota,Halobacteria,Haloferacales,Halorubraceae,Halobaculum,Halobaculum gomorrense,14816.470448769742,0.0488997555012225,0.11735941320293398,-28,-0.0018897888061002361,0.2273838630806846
R4VTW9,3.060191483660271e-50,UP000014072,R4VTW9,R4VTW9_9EURY,46151.0,MSEDDRLDRSGRVVSVTDRAGQLSRRRVLQTAAGTAAAAAAGAAATGTAAAQDEDGGEGVPAEFGNWFTGDARGGEVQNYDGTTVDRTGESEITVTVGADGNGGTFAFDPPALRISPGTTVTFEWVSDTHNVIVESQPEGAGWEGHDPIEDTGFSFTHTFETEGTYTYFCEPHLSLGMKGGIVVGPAPAGSGGGEGVPAEYGNWFTSDARGGEVQNYDGTTADQTGQSEVSVTVGADGNGGTFAFDPPALRISPGTTVTFEWVSDTHNVIVESQPEGAGWEGHEPIEDTGFSFTHTFETEGTYTYFCEPHLSLGMKGAIVVGAAPAGNGGQPGATAGGGGPPFWVTGLAGGIVAALLAPILVSYYRYWDRDERGRGTEAGRAAGIPAGEPIPEAAEPEPVEEIGHDEYDPMGTAALIVVYALILLGMWVFMYFVEFLGKGPTVIG,Halocyanin hcpB,Archaea,Euryarchaeota,Halobacteria,Natrialbales,Natrialbaceae,Salinarchaeum,Salinarchaeum sp. Harcht-Bsk1,16002.681586909277,0.0449438202247191,0.14157303370786517,-43,-0.0026870496526766752,0.20449438202247192
A0A6G8T844,3.286161383701424e-50,UP000503032,A0A6G8T844,A0A6G8T844_9EURY,30967.0,MERPSTRRRFLASTALTGLAATAGCLSTGETTQAVGDASDGTATASTETAELTSPDSLEEWLADANGYDGEPRTFGRGSRPTISVGHETDRGWAFDPPVIEVTPMTFVRWDWTGHGGQHNVVALDGTFDSGRTNAQSGTGYHFIFEETGEYPFVCEPHSEAGMKGAVIVREVPTTGYETVDEWVAEAGNFEGTVADRTGSDTAAVTVGAEGNGGAFAFDPPVVRIDAGSTVRWKWTGDGGAHNVVFENTDVSSGDVASEPGTTFEHTFDDPGQYLYACLPHKALGMRGAVVVE,Halocyanin domain-containing protein,Archaea,Euryarchaeota,Halobacteria,Halobacteriales,Haloarculaceae,Haloarcula,Haloarcula sp. JP-L23,11959.056490572422,0.06143344709897611,0.15017064846416384,-26,-0.002174084554287067,0.19112627986348124
A0A256IMY4,1.3016881411156758e-49,UP000216308,A0A256IMY4,A0A256IMY4_9EURY,15904.0,MPELENVRSQVAAMGGGEGSGDGSAGEAVDDVPSEIDDYLTENEARLYEGTIMDYTGQDEVVVDVGAGDVGFAFDPAAIRIDAGTTVVWEWTGEGGAHNVASAEGSASEFDSGDAVAEEGTTFEQSFDEAGIQLYYCTPHQANGMHGAVEVVE,Halocyanin,Archaea,Euryarchaeota,Halobacteria,Haloferacales,Halorubraceae,Halorubrum,Halorubrum halodurans,7352.587429565493,0.0196078431372549,0.21568627450980393,-30,-0.004080196296526443,0.19607843137254902
V4X6M4,1.6203672993441768e-49,UP000030660,V4X6M4,V4X6M4_9ARCH,18322.0,MANDLSRRRYVAGTAAALTTGALAGCSGGSDGDSGSSDGDGSDGGDAGSDSAGDPVDDVPSEIDDYLSENDATLYEGTIVDYTGEDEVTVDVGAGDIGFAFGPPAIRIDAGTTVVWEWTGEGGAHNVVSEDASATQFDSGDPVDEQGYTFEETFEEAGIQLYYCTPHRGNGKLGGIDVVA,Halocyanin domain protein,Archaea,,,,,,uncultured archaeon A07HR67,8152.874384553222,0.03333333333333333,0.20555555555555555,-31,-0.003802339952487665,0.18333333333333332
A0A4U7EZV9,3.459963236852253e-49,UP000305339,A0A4U7EZV9,A0A4U7EZV9_9EURY,17705.0,MPERLSRRRYVAGTGAALALGTLAGCSGGGDGGSGGNGGGDDSGGGSEAEALDDVPSAPDEYLPDARLYDGSILDYTGEDEVTVRVGAGDVGFAFDPPAIRVDAGTTVVWEWTGQGGAHNVQSAEDSASEFNSGSAVTEEGTTFEQTFDSAGIQLYYCLPHQTSGMLGGIDVVEG,Halocyanin domain-containing protein,Archaea,Euryarchaeota,Halobacteria,Haloferacales,Halorubraceae,Halorubrum,Halorubrum sp. SD626R,7951.5277541238565,0.04,0.1657142857142857,-22,-0.0027667639075510063,0.18857142857142858
A0A6B0T8K6,7.018459306939305e-49,UP000466535,A0A6B0T8K6,A0A6B0T8K6_9EURY,16653.0,MQKQTDRRTFLAAAGATAATVALAGCSSGGDNGSNGDNGDSGPSVPDAVDSYLSDNSANGYSGPSDAVDETGSGSVTISVGAGENGLAFDPVAVFVDAGTEVTWEWTGNGGAHNVVSADSSAASFDSGEAVAEQGTTFSQTFDSAGNQLYYCTPHQAAGMHGAVIVQE,Halocyanin domain-containing protein,Archaea,Euryarchaeota,Halobacteria,Halobacteriales,Halobacteriaceae,Halovenus,Halovenus sp. WSH3,7603.7890764872445,0.017857142857142856,0.125,-18,-0.0023672408346597034,0.16666666666666666
A0A238X1Z0,1.0544114016441976e-48,UP000198397,A0A238X1Z0,A0A238X1Z0_HALVU,16780.0,MSQKLSRRRYVAGTGAVMTLGALAGCAGDDGNDAGDPDDGAEEAPAEIDEFLADARLYDGTIADHTGEDQVEVAVGGGDDGLAFDPAAIRIDAGTTVRWEWTGAGGEHNVESDEGSVTEFSSGDAVAEEGETYEYTFEDEGNVLYVCTPHIGVGMLGAIEVV,Halocyanin domain-containing protein,Archaea,Euryarchaeota,Halobacteria,Haloferacales,Halorubraceae,Halorubrum,Halorubrum vacuolatum (Natronobacterium vacuolatum),7646.077183369349,0.043209876543209874,0.2222222222222222,-29,-0.003792794567007072,0.19753086419753085
A0A1G9TT25,2.050964471014445e-48,UP000199370,A0A1G9TT25,A0A1G9TT25_9EURY,33630.0,MQRRQFMAAAGTVALGTAATGLAAGQQGDEVSLVDWFDGVSVDGVVDRTGESEVTIAVGAQGNGGAFAFDPPAVRIDPGTTVVWEWTGNGGVHDVAAEDGSFASEMQGEAGATFEQQFEETGVVRYACNPHKNMGMRAAVIVGDVPVTLTENESAGTSTDTQEQGPTGSTFDGWLEGVENYQTVADKRGQDTVTVAVGAQGNGGQYAFDPPAIRVDPGTTVVWEWTGSQGPYSVVDDTLGFASEHTSDVGNRYAMEFSGSGLSKYHCEDYKEQGMRGVVLVGEGPQEVMSKSSLAAGGGLLALVSAPILFGLREHVRDTTQE,Halocyanin domain-containing protein,Archaea,Euryarchaeota,Halobacteria,Halobacteriales,Halobacteriaceae,Haloarchaeobius,Haloarchaeobius iranensis,12701.387403544546,0.052795031055900624,0.13975155279503104,-28,-0.0022044835820208197,0.2111801242236025
V4HAH4,2.1145206986400605e-48,UP000017840,V4HAH4,V4HAH4_9EURY,34355.0,MLAGPAAAQETANGTSTGTPSNATATGTATPGNATATGTAATGTSSGGADLASWFSNTDGVSGVVDERGSSEVTVDVGASGNGGSYAFAPAVVRVDPGTTVTWEWTGDGGSHNVVAENGAFESDLHDGAGATYSYTPDEPGVVRYACVPHKPMGMKGALVVGDASVSLGTEAETETAGRSFDGWLARTDNYTEVVDERGKSTVVVDVGVDANGGPFGFGPAAVRVDPGTTVVWRWKGTGGSHRVSALDGSFRSDLASSPGHEFARTFDRERVVKYACEAHANLGMRGVVVVDDGDSGGIFGVDTGLAAGAAVGLTALLSPLGLGLAVRLNGDDEPEPPDRRG,Halocyanin domain-containing protein,Archaea,Euryarchaeota,Halobacteria,Haloferacales,Halorubraceae,Candidatus Halobonum,Candidatus Halobonum tyrrellensis,12900.698188788607,0.06432748538011696,0.12573099415204678,-21,-0.0016278188740397102,0.195906432748538
A0A1H6K6N8,2.7825428126032765e-48,UP000199215,A0A1H6K6N8,A0A1H6K6N8_9EURY,30269.0,MPSSNRRTFLGTSIAVGLGSLTEFSSVQAQDTHSTSTPNESDDEDALDSWLASANDPQTHQIHDLRYEDPPTVYLGVSNTKSFSPPAIKVTPGTTVTWEWIGNNAEYNVAATDGTFDSGQPVSDAGETFEYTFESEGTYKYVSEPHADAGMKGVVVVDSAPSSGYPTVDEWLAGTNEYDGTITDQTNEDLIEITTGAKGNDGHFAFDPHALKVSAGTTVRWSWTGRGGAHNITFEDADLGSETIHAESGVHFEETFTETGVFRYACQPHRAIGQRGAIIVE,Halocyanin domain-containing protein,Archaea,Euryarchaeota,Halobacteria,Haloferacales,Halorubraceae,Halopenitus,Halopenitus malekzadehii,11761.67414023269,0.0498220640569395,0.15302491103202848,-29,-0.002465635389506402,0.19217081850533807
A0A256H5X9,7.67520281978338e-46,UP000216554,A0A256H5X9,A0A256H5X9_9EURY,17766.0,MSDKLSRRRYVAGTGAALALGTIAGCSGGGGDSGDGSDGGDGSDGGDSGGSGEARDDVPSEIDDYLADARMYDGTIADYTGQDQVTVSVGAGEGLAFDPAAIRITSSTTVVWEWTGEGGAHNVASVEGSESDFDSGSAVSEEGTTFEQSFDNTGIQLYKCTPHEGVGMLGGIEVVES,Halocyanin,Archaea,Euryarchaeota,Halobacteria,Haloferacales,Halorubraceae,Halorubrum,Halorubrum sp. Ib24,7971.5174225350875,0.04519774011299435,0.1807909604519774,-24,-0.0030107191301060425,0.1751412429378531
A0A3M9VRB6,1.4509973331718062e-44,UP000270581,A0A3M9VRB6,A0A3M9VRB6_9EURY,16232.0,MDESTLTRRRLLGTLGAAGAVGIAGCSSGGNGGGSTGGPEERVSTFLSSGRPARGYDEIIDMTGQDEVVVEVGAGGNGLAFAPAAVRISTETTVSWQWTGRGGRHNVVAASDSDFDFQSGSPKLEADPFERSFDDAGVGLYYCGPHRSLGMEGALIVE,Halocyanin domain-containing protein,Archaea,Euryarchaeota,Halobacteria,Halobacteriales,Haloarculaceae,Natronomonas,Natronomonas sp. CBA1133,7462.977534651683,0.0759493670886076,0.13291139240506328,-9,-0.00120595298032343,0.2088607594936709
A0A6A9THD2,7.875790015871548e-44,UP000432575,A0A6A9THD2,A0A6A9THD2_9EURY,22431.0,MYLNVTGSKSFSPPAIKVEPETTVTWEWTNSNAEHNVVATDGTFDSGTAVSESGTKFKHTFETAGTYRYVSEPQAEAGMKGVVVVEPAPSSEYPAVDEWLVDTNGYDGSITEQMDDELVEITAGAEGNGGDLAFDPHAVKVSAGTTVRWRWTGDGGAHNIAFEDGDIETASISAKSGVNFEHTFNETGVYRYACEPHRAIGQRGAIIVE,Halocyanin domain-containing protein,Archaea,Euryarchaeota,Halobacteria,Haloferacales,Halorubraceae,Halorubrum,Halorubrum sp. CBA1125,9450.614609877179,0.06220095693779904,0.15789473684210525,-20,-0.002116264478618912,0.19617224880382775
M0MVC2,1.1150458109690408e-43,UP000011568,M0MVC2,M0MVC2_HALMO,34746.0,MIAMQGTTADPSAARCGRRGFLKAAGGTAVGIGAIGATAGTASAQEGGAAGWFDGVSNFEKVVDKTGTKQTEVAVGAKGNGGNFAFSPPAIRVDPGTTITWKWTGEGGGHNVVAESGAFESEIASEAGHTFEHTFEEKGAVNYACVPHRSMGMRGAVLVGADAAVGSGAENGSEESSSPYGGWLDDVDGFEEVVDGTGRDRVEIGVGAPGNGGIFAFDPPAIHIDPGTTIVWRRLEESEALTVVADDESFWTDFSGTDGETFEWTFTGNRVVKYSCPAYEELGMKGLLVVGNPDLPSAGDVLSTPWGGALAGSGLMAVLSPLVFGGFLAVRRSRDREP,Halocyanin domain protein,Archaea,Euryarchaeota,Halobacteria,Halobacteriales,Halococcaceae,Halococcus,Halococcus morrhuae (Micrococcus morrhuae),13007.716548637716,0.07100591715976332,0.13313609467455623,-21,-0.00161442632313504,0.21597633136094674
A0A0F8AV42,1.2443153822938937e-43,UP000053331,A0A0F8AV42,A0A0F8AV42_9EURY,22601.0,MYLGMSNTKSFSPPAIKIAPDTTVTWEWIGNNTEYNVAAIDETFDSGQPVSEEGETFEYTFEAEGTHRYVSEPHADAGMKGVVVVETAPSSGYPTVDEWLAGTNGYDGTIADRMDADLVEVATGAEGAEGHFAFDPQAVKVSAGTTVRWSWTGRGGGHNVVFEDADFGDEAIHVEPGVHFEETFTETGIFRYSCHPHRAIGQRGAVIVE,Halocyanin,Archaea,Euryarchaeota,Halobacteria,Haloferacales,Halorubraceae,Halorubrum,Halorubrum saccharovorum,9502.8470181039,0.05263157894736842,0.1674641148325359,-24,-0.002525558914531354,0.20574162679425836
A0A2I8VGV6,1.3275438615868172e-42,UP000236584,A0A2I8VGV6,A0A2I8VGV6_9EURY,41733.0,MSGQTRRDVLRGGLAAGATALGAGAASTPAAAQGGDYDGWLSDVDNYDGTTEDLTGQESVEIEVGAQGNGGTFAFAPPAVRVSPGTTVTFNWTSNTHNVLLEEQPEASGWEGHAPIENTGFTLEHTFEVEGVYKYYCEPHLSLGMKGVVVVEESADGPVVEAEYGDWFADVDNFDGTTENLTGEESVEVEVGAQGNGGTFAFAPPAVRVSPGTTVTFNWTSNTHNVLVEQQPDGGGWEGHAPIENTGFTYEHTFETPGVYTYYCEPHLSLGMKGAVVVGAAPGGGAEGEGEASAGAIRLLQITQGLLSVVFLAILGVVAYVAINQNRYPTAEPDVPDREPVAEAAFEEPQVELEHDDFDPVGTFTVILGYFAILVLMWVFMYFVEFLGNGPTVVG,Halocyanin domain-containing protein,Archaea,Euryarchaeota,Halobacteria,Haloferacales,Halorubraceae,Salinigranum,Salinigranum rubrum,14869.304709992462,0.027848101265822784,0.14430379746835442,-46,-0.0030936214501735984,0.2481012658227848
A0A6G2G1C4,3.645012548188603e-42,UP000487987,A0A6G2G1C4,A0A6G2G1C4_9EURY,29101.0,MSGGPGSQAIGADGDGTATDSPAATTADATESTATETAESTPAESLDDWLADANGYTGDRRRYGPGSQPTIAVGEPVGDEMAFDPPVIAVPPGTNVRWDWTGHGGQHNVVALDGTFDSGRTNAQAGTGYHYVFDDPGVYRFVSEPHREDGMKGAVVVREPPSTGNDAVDAWVVDSSNFDGSVADETGRETTTVTVGAAGNGGNFAFDPPVLKVSAGTTVRWRWDGGPHSVVFRDLDVRSDGVFSEPGVHLEHDFEDPGTYLYACGPHQTLGMKGAIVVE,Halocyanin domain-containing protein,Archaea,Euryarchaeota,Halobacteria,Haloferacales,Haloferacaceae,Halogeometricum,Halogeometricum sp. CBA1124,11428.607715290877,0.05734767025089606,0.15412186379928317,-27,-0.002362492498878531,0.1827956989247312
A0A7D5K814,7.428397419967109e-42,UP000509750,A0A7D5K814,A0A7D5K814_9EURY,35573.0,MSGHTDGAPGRGSGYTRRTVLAGTGAALGACLLPGQVRAAGEDPTDLTEWFADTDGATEVVDERGTDAVTVAVGVDANGGAFGFGPPAVRVDPGTEVTWEWTGNGGSHNVVAEDGSFGSEYDDAAGTTFAYTPTESGVIRYACAPHKAMGMRGTLVVGDAAVTFPGGATGGDAETPTGTPEPEQLGPMRSFDGWLDGTSNYRGVADRRGEAEVTVKVGATGNGGEFAFEPAAVHVDPGTVVRWEWVGTAGAYDVVDPALGYASEQVQGTGKTFALRFDGDGLSKYECTEYGDQGMRGVVLVGEGPVGELTWRGVGAAAGVAGLVAAPIALGVRYHFENVTGGGGPDRPES,Halocyanin domain-containing protein,Archaea,Euryarchaeota,Halobacteria,Haloferacales,Halorubraceae,Halobaculum,Halobaculum halophilum,13233.005983619008,0.06285714285714286,0.13714285714285715,-26,-0.0019647841187546587,0.19142857142857142
A0A7D5E934,2.5293152598780207e-39,UP000267112,A0A7D5E934,A0A7D5E934_9EURY,42707.0,MPERRYSRRRFLRDASAAAVALGASTGVAAGASPDYGGWFTDSAKGGAVGNYDGTTVDKTGQDSVTIEVGAQGNGGPYAYAPPAVRVSPGTEVTFEWVSNTHDVQVESKPSGSSWEGVDSIKNEGFTHSHTFETAGVYKYYCTPHLSMGMKGAVVVGGSGSGGGGSPEWGDWFTDAGRGGAVGNYDGSTVDKTGQDSVTVEVGAQGNGGTYAYAPPALKISPGTEVTFEWTSNTHDIQVESAPSGTSWEGVDSIKNEGYTHSHTFETSGTYRYYCTPHLSMGMKGGIFVTGSAGGGGGGGGGGLVPDLNWGNVAWMAGPSAVAVPAIVAYLLWDYGRAGAFDDLFERGESAEPPATTEAPPATPEREIDHDEYDPWGTALLLAVYFVIISVAWALMYFVEFLGTGPHIFG,Halocyanin domain-containing protein,Archaea,Euryarchaeota,Halobacteria,Halobacteriales,Halobacteriaceae,Halarchaeum,Halarchaeum sp. CBA1220,15121.847949515692,0.05365853658536585,0.11219512195121951,-24,-0.0015871076127814557,0.18536585365853658
U1QQP4,6.562878294671483e-39,UP000030650,U1QQP4,U1QQP4_9EURY,17494.0,MTEFDLDRRTALMAGGTALIAGLAGCVGGDGDGDSSGNGGDNGSDTDPQQQVDTYLSDNNANNYDGTGSIVDETGTDELLIEVGRNRQYQYDPAAVRIDSGTTITWEWKSNGHSVTQTESDFDFEDSGRQSSGSTHEQTLNSSGAFLYKCIPHANLGHYGGIIVE,Halocyanin domain protein,Archaea,Euryarchaeota,Halobacteria,Halobacteriales,,,halophilic archaeon J07HX64,7882.239173048782,0.048484848484848485,0.16363636363636364,-19,-0.002410482552339371,0.17575757575757575
D8J3X4,1.474542161771039e-37,UP000000390,D8J3X4,D8J3X4_HALJB,17094.0,MQSDPLLDRRSVLRAAGTLSVAALAGCTGQEEGGDDGPDYETVPSEEEPDYGGWLDSARTYDGTADLRGESEVTVMVGTGSRGRSFSPAAIMVDPGTTVVWEWTGDGGGHNVAEENEAYESPIETEEGYTFEHAFEEPGVSRYTCIPHDAQGMRGAVAIAE,Halocyanin domain protein (Halocyanin domain-containing protein),Archaea,Euryarchaeota,Halobacteria,Halobacteriales,Halobacteriaceae,Halalkalicoccus,Halalkalicoccus jeotgali,7750.263177186296,0.055900621118012424,0.19875776397515527,-23,-0.0029676411592967434,0.16149068322981366
A0A6G2HIE8,1.2247474169707458e-36,UP000473608,A0A6G2HIE8,A0A6G2HIE8_9EURY,17158.0,MTDDARIERRRFVQLTATAAVTTVLAGCSGGDADDRGGSSGGDDGADTGDEHLADEPDYGGWFDDVDGYDGTVDATGNDRVSVTVGSDGGLSYSPAAVAVSPGTTVVWEWTGDGGAHDVSAVDGGFESESVDDEGFTFEHTFEAEGVHEYVCTPHEAVGMKGAVVVQ,Halocyanin domain-containing protein,Archaea,Euryarchaeota,Halobacteria,Haloferacales,Halorubraceae,Halorubrum,Halorubrum sp. JWXQ-INN 858,7771.434908143587,0.041916167664670656,0.20958083832335328,-28,-0.0036029382386847456,0.19161676646706588
A0A6A9TCG3,9.789340681034025e-36,UP000468503,A0A6A9TCG3,A0A6A9TCG3_9EURY,17497.0,MRLDRRQLLAATATVCAGAAAGCSASEEPPTYDGPRVDAPSGVESYLSDTSNFDGEMLDWTGREDPTVDVGIQGNGGNYAFGPAAMQVAAGTTVTWEWTGEGQAHNVVHEDGTFESQSTAEEGFTFSHTFESTGTYRYVCTPHRSQGMKAVVVVTDARTSSATAEG,Halocyanin domain-containing protein,Archaea,Euryarchaeota,Halobacteria,Halobacteriales,Haloarculaceae,Halapricum,Halapricum sp. CBA1109,7883.225894449636,0.05421686746987952,0.13855421686746988,-14,-0.0017759227234446012,0.1566265060240964
A0A1H3W954,2.2278596225307607e-35,UP000236755,A0A1H3W954,A0A1H3W954_9EURY,21057.0,MGSHRSATRRGFLTTVAGTAVTAAAAGTATAQASFGGWMSDVGNYSEVADATGQDEVTVSVGAEGNGGAFAFDPPAVQVDPGTTVVWEWTGEGGQHNVVAEEGGDFESELTAEAGFTFEQTFDSEGVVKYYCQPHRGLGMKGVVVVGEIPESDGGGGGEGGGGGGGGGPAVPDSAKSLVIALTTGMMSILALAYFFIRYGGDYGDAYDSA,Halocyanin domain-containing protein,Archaea,Euryarchaeota,Halobacteria,Haloferacales,Haloferacaceae,Haloplanus,Haloplanus vescus,9024.434400553313,0.0380952380952381,0.12857142857142856,-19,-0.0021053951036349777,0.2
A0A0W1R8G2,5.559307621514062e-35,UP000054387,A0A0W1R8G2,A0A0W1R8G2_9EURY,21747.0,MEVPPETFVEWDWTGHGGQHNVVALDGTFDSGRTNAQKGTSYEYLFLPEETGVYRFVSEPHRDEGMKGAVIVKEPPTTGIEEVDEWVQLSNTFDGTITDKTNTDTTTITTGAEGNRGTFAFDPVVLKISSGTTVQWEWAEDSGPHTVAFEDIDVRTDEVYTEAGVHLEYTFEEKGIYRYACEPHESLGGRGAIIVE,Halocyanin,Archaea,Euryarchaeota,Halobacteria,Haloferacales,Haloferacaceae,Haloprofundus,Haloprofundus marisrubri,9239.364021776466,0.0663265306122449,0.18877551020408162,-24,-0.002597581385843642,0.2193877551020408
A0A256KZ40,3.891052744177138e-34,UP000216287,A0A256KZ40,A0A256KZ40_9EURY,18560.0,MTDDTTLERRRFVQATTAAGASLLLAGCSGGGGDGGDGSDGSDGSDGSDGSDGSDGSDGSDGGSGSDVEYLGEEPDYGGWFDGANNYEQTVDATGQDEVTVEVGAGDGLSFGPAAVAVSAGTTVVWEWTGNGGGHNVSAESGDFESETIQEEGHTFEYTFEETGIQKYVCTPHASVGMKGAVVVQ,Halocyanin,Archaea,Euryarchaeota,Halobacteria,Haloferacales,Halorubraceae,Halorubrum,Halorubrum distributum,8230.049909790609,0.02702702702702703,0.1891891891891892,-30,-0.003645178380305019,0.16216216216216217
A0A256IR61,7.782105488354276e-34,UP000215704,A0A256IR61,A0A256IR61_9EURY,18560.0,MTDDTTLERRRFVQATTAAGASLLLAGCSGGGGDGGDGSDGSDGSDGSDGSDGSDGSDGSDGGSGSDVEYLGEEPDYGGWFDGANNYEQTVDATGQDEVTVEVGAGDGLSFGPAAVAVSAGTTVVWEWTGNGGGHNVSAESGDFESETIQEEGHTFEYTFEETGIQKYVCTPHASVGMKGAVVVQ,Halocyanin,Archaea,Euryarchaeota,Halobacteria,Haloferacales,Halorubraceae,Halorubrum,Halorubrum sp. E3,8230.049909790609,0.02702702702702703,0.1891891891891892,-30,-0.003645178380305019,0.16216216216216217
A0A6G3ZNK4,8.09749467748262e-34,UP000479062,A0A6G3ZNK4,A0A6G3ZNK4_9EURY,22153.0,MNSDTSRSNGAVDRRTFLKGAAGVAGVTAAGVGASAPAAAQSSFDGWFENVSNYDGVVDETGKSEVTVEVGAKGNDGSFAFGPAAVRVDPGTKVVWKWTGNGGSHNVVAEDGSFESKMTDKQGHTFSQTFDSKGVVKYACVPHKAMGMKGAVVVGDVEVSGSSSSGGGSSANGSSEPGATGGAGAPSGSGGSGLSDTLTLGFGGALVVGLLGLPLAEIRSRRRE,Halocyanin domain-containing protein,Archaea,Euryarchaeota,Halobacteria,Halobacteriales,Halobacteriaceae,Halorussus,Halorussus sp. MSC15.2,9364.968245695547,0.08482142857142858,0.09821428571428571,-3,-0.0003203427840109229,0.20089285714285715
A0A7J9SJN8,8.257967265373714e-34,UP000546257,A0A7J9SJN8,A0A7J9SJN8_9EURY,16900.0,MSEQRVTRRTVLGGTAAAAVGFAGCSGGGGTASGESGSTDEPTGTATSGGSTDAVEEYLSDVDNYDGIVDETGASEVTVTVGAEANGGNFGFGPAAIRVSMGTKVVWKWNGLGSTHNVVAEDGSFESKLVAEDGHTFSRTFEEPGTVEYYCTPHKTMGMKGVVVVE,Halocyanin domain-containing protein,Archaea,Euryarchaeota,Halobacteria,Haloferacales,Haloferacaceae,Halobellus,Halobellus ruber,7685.955113413369,0.060240963855421686,0.13855421686746988,-13,-0.0016913968151222572,0.1927710843373494
V5A5U6,9.298860193364669e-34,UP000030679,V5A5U6,V5A5U6_9ARCH,18067.0,MYVWSPHALVTAYDRRTFVKTAGAGILSVGVAGCSGSSDSGSDSEGMSEDVETLDEEPDYGDWFSDVPNYEGATVDKTGADEVTVQVGADDGLVFSPAAVAVSSGTDVVFEWTGQGGSHNVKADDESFDSGLESEQGFTFTETFDEKGIYKYICSPHISLGMKGAVTVVSSE,Halocyanin domain protein,Archaea,,,,,,uncultured archaeon A07HR60,8069.8852997945,0.046511627906976744,0.18023255813953487,-23,-0.0028501024668325455,0.22093023255813954
A0A1H3HZU9,9.477673360924092e-34,UP000199170,A0A1H3HZU9,A0A1H3HZU9_9EURY,17535.0,MSRIDSTRRRFLGATAAITAGLAGCSGGSGSGSSGESTSASSDDSTAESSGDGGGSTPSFDGYLSETSNYDGVADHTGQSEVTITVGSEANGGNFGYSPAAVRVSTGTTVVWEWTGKGSLHNVVAEDGSFESEQVQEEGHTFTQTFSESGTVQYYCTPHESLGMKGVVVVEE,Halocyanin domain-containing protein,Archaea,Euryarchaeota,Halobacteria,Haloferacales,Haloferacaceae,Halobellus,Halobellus clavatus,7895.720415196892,0.040697674418604654,0.13372093023255813,-16,-0.002026414203978753,0.1686046511627907
Q9HPH3,9.942626956577566e-34,UP000000554,Q9HPH3,Q9HPH3_HALSA,30554.0,MSAMGRAPDRRTFLRSAVAGGLAAIAGCTDRTTTGTTNQQPTTTHTETQPSEMSLHEWVTSANTPESWTDHRGDATVSIAVGGHDLPYAFQPALTRVAPGTTVTWEWTGYGGAHNVIAVDSAFDSGDSTATEDHTFTHTFTEIGTHRYVSEPDRESGMKGIIAVEEYPTSGYPDVDRWLSPVHDYDGTVVTDTTTVTVGDTSSGSTQFDPLVLKVPEGTTVQWKWAGEESGGAHNVAFKSAAIGIQELRSEPGVHVTHTFNSTGTYRYFCSPHSELSGRGAIIVE,Halocyanin HcpA (Halocyanin-like),Archaea,Euryarchaeota,Halobacteria,Halobacteriales,Halobacteriaceae,Halobacterium,Halobacterium salinarum (Halobacterium halobium),11842.414112761597,0.05964912280701754,0.12280701754385964,-18,-0.00151996035847141,0.1824561403508772
A0A498G1H5,1.5295230445436356e-33,UP000277703,A0A498G1H5,A0A498G1H5_9EURY,16614.0,MARTQFSRRTVVGAAAALAAGLAGCSGGSTSGTSEAGGSSDDADADGSGSAPAFEGYLSNASNYDGIVDETGNSEVAIAVGAEANGGNWGYGPAAVRVSTGTTVVWEWSGRGGPHDVVAEDGSFSSEQMNGSGHTYTQTFEESGVVKYYCTPHRTLGMKGVVVVDG,Halocyanin domain-containing protein,Archaea,Euryarchaeota,Halobacteria,Haloferacales,Haloferacaceae,Halobellus,Halobellus sp. Atlit-38R,7590.785510459059,0.04819277108433735,0.1144578313253012,-11,-0.0014491253882544187,0.16265060240963855
A0A3A6PT46,3.089092493910051e-33,UP000276588,A0A3A6PT46,A0A3A6PT46_9EURY,15839.0,MNTATRRQLLSGIGATAVVGVAGCTSQGAETAESGPYDGVLRRANNVDAESVTDRTDAESVTVTVGVGEQGFAFDPAAVQVSPGTTVTWEWTGKGGGHNVVADAEDPAFVSELRAEAGYTFEHTFTDPGVYTYYCSPHRGYGMIGVVEVLAE,Halocyanin domain-containing protein,Archaea,Euryarchaeota,Halobacteria,Haloferacales,Halorubraceae,Halonotius,Halonotius sp. F13-13,7330.638668163065,0.05263157894736842,0.13157894736842105,-12,-0.00163696514631337,0.21052631578947367
A0A343TFV0,7.948839674825838e-33,UP000263012,A0A343TFV0,A0A343TFV0_9EURY,16038.0,MYSTDRRTFFRAAGAAALAASLAGCAGNGNDGEDDYVDEEPDYGGYLDDVPNYDRTVDATDQGEVRIDVGAGDGLQFEPPAVQISTGTRVVWEWTGEGGDHNVVEEDGAFESETTAAAGHEFSHTFEETGTYLYVCTPHEAVGMKGAVTVV,Halocyanin,Archaea,Euryarchaeota,Halobacteria,Haloferacales,Halorubraceae,Halalkaliarchaeum,Halalkaliarchaeum desulfuricum,7397.759393750116,0.046357615894039736,0.1986754966887417,-23,-0.0031090494804996223,0.18543046357615894
A0A1H6AWB5,1.433976110845957e-32,UP000236740,A0A1H6AWB5,A0A1H6AWB5_9EURY,16885.0,MPRSTPTRRTFLGATAAITAGLAGCSGGSGGGSGDGSGGSDGSGGDGGGSGDGGSTPSFDGYLSGTSNYDGVVDQTGSDEVTVTVGAEANGGNFGFGPAAVRVSAGTTVVWEWNGKGSLHNVVAEDGSFESEQVQEAGHTFSQTFEEPGTVKYYCTPHETIGMKGVVVVEE,Halocyanin domain-containing protein,Archaea,Euryarchaeota,Halobacteria,Haloferacales,Haloferacaceae,Halobellus,Halobellus limi,7680.974563313484,0.04093567251461988,0.12280701754385964,-14,-0.0018226853747007543,0.17543859649122806
A0A650A5W2,2.1852687618830033e-32,UP000426082,A0A650A5W2,A0A650A5W2_9EURY,17184.0,MARRRQFMSTVATGLAIGSLAGCSSDESSDDSSTQYPDYTDVPDAAEEYLSDTSNYDGTGIDARDADEVSVTVGAQGNGSFWAFGPPVVAISQGTTVVWEWNGKGGSHNVVSKDDREPLDSGTAVTSSDKTYEYTFEEPGTYLYVCIPHRVQGMKGAIVVE,Halocyanin domain-containing protein,Archaea,Euryarchaeota,Halobacteria,Halobacteriales,Haloarculaceae,Halorhabdus,Halorhabdus sp. CBA1104,7780.029830602488,0.062111801242236024,0.15527950310559005,-15,-0.0019280131730341188,0.18633540372670807
U1P8V5,2.2553365036063766e-32,UP000030639,U1P8V5,U1P8V5_9EURY,15701.0,MDTATRRQLLSGIGATAVVGVAGCTSQGAETAESGPYDGVLGRANNVDAESVTDRTDAESVTVSVGVGQQGFAFGPAAVQVSPGTTVTWEWTGEGGGHNIVEDAENPAFTSKLRAEAGHTFEHTFSDPGVYTYYCSPHRGYGMIGVVEVIAE,Halocyanin domain protein,Archaea,Euryarchaeota,Halobacteria,Haloferacales,Halorubraceae,Halonotius,Halonotius sp. J07HN4,7283.9589297196935,0.046052631578947366,0.125,-12,-0.0016474557470441136,0.20394736842105263
A0A1N6VWU3,9.431386065980057e-32,UP000186914,A0A1N6VWU3,A0A1N6VWU3_9EURY,17560.0,MTEKATNYSRRTVVRTVGTMAATVGLAGCIGGTGTNGGGTKDPDESYVEDEPDYGGWFEGANNYNGTVDRREQDEVTVQVGAGSRGMAFAPASVMVSSGTTIVWEWTGRGSSHNVAARGGTFKSEFTGSEGHTFEYTLENSGIYKYVCEPHESSGMKGAVVVDESE,Halocyanin domain-containing protein,Archaea,Euryarchaeota,Halobacteria,Halobacteriales,Halobacteriaceae,Haladaptatus,Haladaptatus litoreus,7903.936507563959,0.0783132530120482,0.13855421686746988,-10,-0.00126519234946158,0.16265060240963855
V4Y8W6,1.442997914747607e-31,UP000030648,V4Y8W6,V4Y8W6_9ARCH,21096.0,MRRRDFLRGAGGGTAAAVTATATAGTASAQPSFGGWLSGVTNYSEVVDETGQEEVTVQVGVEANGGAFGFGPAAVQVDPGTTVVWEWTGEGGQHNVVAQSGGDFESELVGDAGFTHEQTLEEEGVVQYYCQPHQSLGMKGVVVVGAVPESGGGGEGGEKELHELGVAIQAHWVGSATILAIIVSIVYSFYILKYGETPHSGHGGAE,Halocyanin domain protein,Archaea,,,,,,uncultured archaeon A07HB70,9036.632788601779,0.03398058252427184,0.12135922330097088,-18,-0.0019918923808328287,0.23300970873786409
A0A365T9R1,3.560908664594397e-31,UP000252983,A0A365T9R1,A0A365T9R1_9EURY,17638.0,MRSDRRTYLKSLGIAATSTSLLAGCLGGQTDGDGGDGGGTTTDGGEGATTTDGGDQSSSSFGGWFDGVSNFDGVTDETGSKKVTVKVGAKGNNGNNAFSPAAVKVSKGTTVVWKWTGKGSMHNVVAKNGDFESDMMSEKGATFERTFDGAGTYKYYCNPHKAMGMKGAIVVE,Halocyanin domain-containing protein,Archaea,Euryarchaeota,Halobacteria,Halobacteriales,,,halophilic archaeon,7929.550446893805,0.10465116279069768,0.11046511627906977,-1,-0.00012611055402159954,0.1569767441860465
L0I9H1,3.9023548138859766e-31,UP000010846,L0I9H1,L0I9H1_HALRX,31660.0,MTPDPATRSTDATRRSVLKHSTLGASALALGAAGATGTALAQDEEDDEAEEDEAEAVESTVVLFGGDYRPGVAFDVLLSLGADGTETLFESAGLTGEFDTASEWDVSLVAFDTGGSAPELGHLMTSEASLGSGDSAVIGTDASLRNGELNLIETTIAAPDTDEDAANGADASGVSPDDYPAVDEWLTETAVGAAAPNYDETIVDQRDQETVTIGVGTGSRGWEFDPVAVAISPGTTVRWEWTGRGGAHNVEAEPDGQIGESDYEFSSGGPTAEGGTTYEQTFDDAGLALYHCEPHLSVGMKGAIVIES,Halocyanin domain protein,Archaea,Euryarchaeota,Halobacteria,Natrialbales,Natrialbaceae,Halovivax,Halovivax ruber,12153.839982823149,0.03571428571428571,0.19480519480519481,-49,-0.004031647616658687,0.19480519480519481
A0A7D5LBG3,4.708498974999534e-31,UP000509626,A0A7D5LBG3,A0A7D5LBG3_9EURY,16452.0,MTDSTGTTTRTERRPFLRAIGATAVAGTAALAGCAGADGGSGDGEYDGWMESAVGYDGETADRTGEDEVTVEVGAGDGYSFSPAAVRVTDGTTVVWEWTGRGSRHNVVDEGGSYESPYYRAEGETFEHAFEEVGTSKYACDPHRNMGMKGVVDVVEG,Halocyanin domain-containing protein,Archaea,Euryarchaeota,Halobacteria,Haloferacales,Halorubraceae,Halobaculum,Halobaculum salinum,7536.68217125882,0.07643312101910828,0.17834394904458598,-16,-0.0021229500775574815,0.1464968152866242
A0A0P7GZ90,4.710006611281801e-30,UP000050535,A0A0P7GZ90,A0A0P7GZ90_9EURY,27019.0,MKGAIVVGGSGGSGGGGVSEPDYDGWFDDVDNYDGTVDERGNDEVTVQVGVDNGGQPYGFGPPAVRIDPGTTVVWEWTGRGGSHNVVAEDGSFESELVGEAGHTFSHTFEEEGVYKYVCIPHEALGMKAAIVVGDISGGGGGDGDGGEEAPAEGETGGGGMIPVPSDFIGWFALVIGGSLGVAVTTVLGAESYAAYRDHASEEQAYVGEQSTEAVDQEPVEEIGSEYDPIGTGALVAGYFVLIALLWVFMYFVEFIGGPTITG,Halocyanin,Archaea,Euryarchaeota,Halobacteria,Haloferacales,Halorubraceae,Halolamina,Halolamina pelagica,10825.778014296502,0.026615969581749048,0.16730038022813687,-37,-0.0034177682150084614,0.24334600760456274
A0A7D5GV23,2.2005122870174096e-29,UP000509241,A0A7D5GV23,A0A7D5GV23_9EURY,19831.0,MFVAIVRCLFFYSVGAGLYMELIERRTILKTIGVSTVLGGISGSASAQEGEEEPDYGDWFDDVENYEETEDLTGEDEVTVDVGAGDGLQFDPPAFRIDQDATVVWEWTGEGGSHNVVHVPEEEESLGIENATGAEEPVFETEITDEAGFTFEHQFEDTGTYLYVCEPHRQQGMKGAVVVE,Halocyanin domain-containing protein,Archaea,Euryarchaeota,Halobacteria,Natrialbales,Natrialbaceae,Haloterrigena,Haloterrigena sp. YPL8,8637.779591833507,0.03888888888888889,0.22777777777777777,-34,-0.0039361967550254374,0.25555555555555554
F7PP49,2.903071137581258e-28,UP000015381,F7PP49,F7PP49_9EURY,16096.0,MLTTIGGLTVGSLAGCSSDGGETTENDYPEYTDVPQSAEEYLSSTSNFDGTGVDRTDAEEVSVTVGARGNGSYWAFDPAVVAISPGTTVVWEWSGRGSAHNVASPGDREPLYSGPAVTSDNETYAYTFESSGTYRYVCEPHEIQGMKGAIVVV,Halocyanin-like protein,Archaea,Euryarchaeota,Halobacteria,Halobacteriales,Haloarculaceae,Halorhabdus,Halorhabdus tiamatea,7417.279810694584,0.0392156862745098,0.1437908496732026,-16,-0.002157125038876172,0.1830065359477124
A0A554MX31,1.4035106373459975e-27,UP000319894,A0A554MX31,A0A554MX31_9EURY,16990.0,MKRPGRRRVLAATGAALAAGLAGCSGGDGGDGGDGTDGGDGGSSDIEIPAEAESRVEDYLTADPAADNYDGITAMGSGSVTVDVGARGNGGNFAYAPVAIVVESGTTVEWDWVAGNHNVLAAEGSDFDLDSGSARRDDSYEFTFDSAGVGTYYCTPHQSVGMKGAVVVVG,Halocyanin domain-containing protein,Archaea,Euryarchaeota,Halobacteria,Halobacteriales,Haloarculaceae,Haloglomus,Haloglomus irregulare,7715.813399114466,0.058823529411764705,0.15294117647058825,-16,-0.002073663419832872,0.18235294117647058
A0A3P3RLJ0,1.5903227901108117e-27,UP000282322,A0A3P3RLJ0,A0A3P3RLJ0_9EURY,21521.0,MSRRTFISGMAGATGSVAGSAGVTAQTQGGGGSIDYGGWLDDVGYWDEQTADRTGQQAVTIAVGGDPNSGLSFDPVAVHIDSGTSVTWEWTGQGGAHNVVAEDGSFNSGSPVAQAGTTFTRTFDADGITNYYCEPHQSQGMKGAIAVGSVPREAAVQQETDPEDLGVPFQPHYVGISALLTMCATLIFTFYLLKYGESPHTKGGSRR,Halocyanin domain-containing protein,Archaea,Euryarchaeota,Halobacteria,Halobacteriales,Halobacteriaceae,Halomarina,Halomarina oriensis,9169.172350522667,0.04830917874396135,0.10144927536231885,-11,-0.0011996720728423183,0.1932367149758454
U1QX69,1.705248924634938e-27,UP000030674,U1QX69,U1QX69_9EURY,14945.0,MRETESVTRRRLLAGVAVAGLSTGCLESTDEGPYDGYLANANGFEETVDRTDADSVTVAVGAGGGLAFDPAAVRVSAGTTVVWEWTGQGGRHNVVSEDDRLSSSYYVQSGNSYEETLSEPGVVEYYCSPHKSAGMLGVIEVV,Halocyanin domain protein,Archaea,Euryarchaeota,Halobacteria,Halobacteriales,,,halophilic archaeon J07HB67,7026.233373279928,0.06338028169014084,0.14788732394366197,-12,-0.0017078852014273845,0.21830985915492956
D3SYG4,1.2600551321035117e-26,UP000001879,D3SYG4,D3SYG4_NATMM,23808.0,MRQLDRRTALKGIGITTSLVGFGGVVAGENEDDDERGEPEFGDWLEDVDEPADETGEDEVEIAVGAGDNGNRFDPEAVRISEGTTVVWEWTGDGGSHDVVHDPDAEEEQLENGGDSDDVNNDDTEEDDVDEDDDLEPEFETDLTEEEGHTFEHEFDEAGTYLYVCTAHEPDGMRGAIVVAEDEDEDEDESEDENGDQDANGDGDQVDENDDGNQTGDD,Halocyanin (Halocyanin domain-containing protein),Archaea,Euryarchaeota,Halobacteria,Natrialbales,Natrialbaceae,Natrialba,Natrialba magadii,9870.707363258169,0.03669724770642202,0.3761467889908257,-74,-0.007496929781896982,0.1651376146788991
V4YDK4,7.895536328500676e-25,UP000030667,V4YDK4,V4YDK4_9ARCH,22927.0,MKRRELLRTAGGGAAAGAAAVTAGSGAAAAAEGGGEGGGGETTKPKFSYLQGVDGGYKDLRGQSEVTVEVGASGNGGNVAFKPAGIWIDPGTTVKWKWTGKGGQHNVKSADGPASLGSEKYKESGVHYEHTFTEDETGVTNYFCAPHKALGMKGAVAVGEDVETITVGGSTAWPTTIEGFAHNVGVPIQKHYVGIVSFLGIAVSLVFTFYVLKYGESPNTGRGGV,Halocyanin domain protein,Archaea,,,,,,uncultured archaeon A07HN63,9602.71474534579,0.08888888888888889,0.09333333333333334,-1,-0.00010413721812206038,0.20444444444444446
M0LQR4,4.3711995657651475e-23,UP000011607,M0LQR4,M0LQR4_9EURY,32739.0,MNPRPASRRRLLVAFGAASSAALAGCLGDDESENEGGDEAESEDATADDAEEEEDVIEIETREGEEKGEGEEPDFVFDPAIVELEPGTTVRWVNTDGVFHTVTSTDSLEEKTPSDEFDATIASDGDTFEWTPDSDGVQHYYCEPHAGFMEGSLIVGDGNEDEREAAEEAHGHDEEDDEVEDEEANGDGTADIDEEFADLTGEDHVEIETREGQGDEPDFVFDPAFATVDEGTTVEWVNTDGVFHTVTSTADLEQRSGGGETFDTTISSEGDTFEWEADEPGRQPYYCSPHAGFMYGALEIE,Halocyanin,Archaea,Euryarchaeota,Halobacteria,Natrialbales,Natrialbaceae,Halobiforma,Halobiforma nitratireducens,12454.844184583859,0.03986710963455149,0.3023255813953488,-79,-0.006342913554694104,0.17275747508305647
A0A6B0VN39,2.394400461420536e-20,UP000434101,A0A6B0VN39,A0A6B0VN39_9EURY,31509.0,MSERRLSRRRLLAVAGNGAALSTAALAGCLGDDNEDDASSNGDNEGSSDDDGTDGNDVVEIETREGDEDGDEPSFVFDPDRVEIEAGTTVRWVNTDGIYHTVTSTDSLEQKTPGDEFDAEIASQGDTFEWTPGEDGVQHYYCKPHAGFMDGTIVVGDAESENADDADDDTDADETDADDATSETIDEEFVDMTGEDGVEIETRAGDGDDEPNFVFDPAFVTVDEGTTIEWVNTDGVFHTVTSTESIDDRSGGGDVFDATIGSEGDIFEWTAEGAGTQPYYCSPHAGFMYGALEIV,Halocyanin,Archaea,Euryarchaeota,Halobacteria,Natrialbales,Natrialbaceae,Natronorubrum,Natronorubrum halalkaliphilum,12111.496895805341,0.04067796610169491,0.2677966101694915,-67,-0.005531933878726796,0.18305084745762712
M0M398,4.312636981930012e-20,UP000011566,M0M398,M0M398_9EURY,18294.0,MDTTDADAPVSRRGFLRAAGGTAAVAGATGTAAAQEGNSSGGGETVAVGSGSGLSFDPEELTIAPGTTVTWEWTGQGGAHNVVADDGAFDSGDPEDGDDITFSHTFPEAGEFPYHCAPHEEVGMVGTVIVQEGGGSSGGGGPGLTVPNSAKNLGIAAMSLMLSTLGLAYFFIRYGGDYETGPES,Halocyanin-like protein,Archaea,Euryarchaeota,Halobacteria,Halobacteriales,Halococcaceae,Halococcus,Halococcus hamelinensis,8143.777170545299,0.02717391304347826,0.1358695652173913,-20,-0.002455862873107175,0.18478260869565216
A0A3N6LL33,1.759426157763934e-18,UP000282323,A0A3N6LL33,A0A3N6LL33_9EURY,37558.0,MHAVATGVEGSSEDILFEHGITAHHHSWAGQSEPDLEMVPDNETYEPDIGDFDLPYGDWFDDVPNYEGTVDKRDHWGITIEVGAGEDGMYFDPPAVLVDPDTYIEFEWTGNGGSHNVVEEDGTWESDLVDEAGYTFPVNWETLDSDTRLSEHGVYRYTCEPHDSAGMRGAITVGDIDDVVDDVITYEVEDVELAEESIEPGESVQVTAHVDLPVEGAVESMEIGILVDGELVESVELPPAATTETFDIPFDETGEYDIRVNDEPAGTVTVGSPVSGEDGNDASESKASNDGSQDDSDGSGNSGEDDTEGDDDEGTSEEMPGFGVLTAVASLGGAAYLIKRRVTGGTDDEL,Halocyanin domain-containing protein,Archaea,Euryarchaeota,Halobacteria,Natrialbales,Natrialbaceae,Natrarchaeobius,Natrarchaeobius chitinivorans,13768.078817301279,0.02857142857142857,0.2571428571428571,-80,-0.005810541983495198,0.21142857142857144
Q18JW9,1.0979532362364864e-10,UP000001975,Q18JW9,Q18JW9_HALWD,18152.0,MELSRRALLTTAVGSAAAGGAIGTATAQADGSSTTVTVGPGGSLVFEPGTAESLQITPGTTVEFVWDSDNHNIVVESQPDSANWEGHEPIENAGFSYTHTFETLGAYEYFCQPHKTAGMGASIEVVESISTPAPSNVPTVPSSAKTLGVATALAMVATLGLGFFFLKYGGDYDIEE,Halocyanin,Archaea,Euryarchaeota,Halobacteria,Haloferacales,Haloferacaceae,Haloquadratum,Haloquadratum walsbyi,8097.58325623113,0.028409090909090908,0.11363636363636363,-15,-0.0018524045416214061,0.22727272727272727
U2YUB7,1.249615537340834e-10,UP000016986,U2YUB7,U2YUB7_9EURY,15196.0,MERRTYLASAGALATSALAGCGGNGGGGDDSGSGSNASSSLPADTVQCNLVDYAFRPGTDEPLTIDAGTTVHFVWKTANHNIVPKKQPDDANWEGEPKIEGRDHTYDHTFTVPGRYHFVCEPHVNLGMVGDIVVSESSGSSTESP,Halocyanin,Archaea,Euryarchaeota,Halobacteria,Halobacteriales,Halobacteriaceae,Halarchaeum,Halarchaeum acidiphilum,7112.183076958575,0.06206896551724138,0.1310344827586207,-10,-0.0014060380465172671,0.1793103448275862
W0JPI3,3.307619761058409e-06,UP000019024,W0JPI3,W0JPI3_9EURY,16017.0,MNRRAYLASLGTVSTVGVAGCSTVSGMLSSEPCSGDTCDIGMTRTEFVPETYEISVGETVTWKNTSEAIHTVTAYESSLFEDEGAEYFATGGYDDFETAHEEFWNENNGVLNTRETFEHTFEVAGTYSYACLPHEEGGMVGVIEVTE,Halocyanin,Archaea,Euryarchaeota,Halobacteria,Natrialbales,Natrialbaceae,Halostagnicola,Halostagnicola larsenii,7390.68695894318,0.034013605442176874,0.17687074829931973,-21,-0.002841413811281606,0.20408163265306123
A0A063ZNU1,6.42448186207262e-05,UP000027027,A0A063ZNU1,A0A063ZNU1_9EURY,16159.0,MNRRAYLASLGTVSTVGVAGCSTVTGTLRGEPCSGNDCDIGMTRTEFVPETYEISVGDTVVWKNTSEAIHTVTAYDSSLFEDEGAEYFSTGDYDDFETAHEEFWNENNGALHTRETFEHTFEVPGTYNYACLPHEEGGMIGVIEVTE,Halocyanin,Archaea,Euryarchaeota,Halobacteria,Natrialbales,Natrialbaceae,Halostagnicola,Halostagnicola sp. A56,7438.461517391194,0.04081632653061224,0.1836734693877551,-21,-0.002823164434056935,0.20408163265306123
